,id,title,description,link,categories_id,categories_title,geometries_coordinates,geometries_date,geometries_type,sources_id,sources_url
2,EONET_3626,"Wildfire - W of Colorado Springs, Colorado - United States",,https://eonet.sci.gsfc.nasa.gov/api/v2.1/events/EONET_3626,8,Wildfires,"[-105.311673464, 38.796925179]",2018-06-30T19:00:00Z,Point,PDC,http://emops.pdc.org/emops/?hazard_id=82680
10,EONET_3629,"County Fire, California",,https://eonet.sci.gsfc.nasa.gov/api/v2.1/events/EONET_3629,8,Wildfires,"[-122.18183, 38.80583]",2018-06-30T14:12:00Z,Point,CALFIRE,http://www.fire.ca.gov/current_incidents/incidentdetails/Index/2101
11,EONET_3632,Chateau Fire,,https://eonet.sci.gsfc.nasa.gov/api/v2.1/events/EONET_3632,8,Wildfires,"[-105.306, 38.815]",2018-06-29T00:00:00Z,Point,InciWeb,http://inciweb.nwcg.gov/incident/5878/
12,EONET_3614,"Wildfire - NW of Trinidad, Colorado - United States",,https://eonet.sci.gsfc.nasa.gov/api/v2.1/events/EONET_3614,8,Wildfires,"[-105.243904304, 37.497518363]",2018-06-28T19:00:00Z,Point,PDC,http://emops.pdc.org/emops/?hazard_id=82609
43,EONET_3627,Weston Pass Fire,,https://eonet.sci.gsfc.nasa.gov/api/v2.1/events/EONET_3627,8,Wildfires,"[-106.069, 39.055]",2018-06-28T11:30:00Z,Point,InciWeb,http://inciweb.nwcg.gov/incident/5876/
44,EONET_3624,Sugarloaf Fire,,https://eonet.sci.gsfc.nasa.gov/api/v2.1/events/EONET_3624,8,Wildfires,"[-105.994, 39.813]",2018-06-28T00:00:00Z,Point,InciWeb,http://inciweb.nwcg.gov/incident/5872/
45,EONET_3625,"Wildfire MB-NE104, Manitoba, Canada",,https://eonet.sci.gsfc.nasa.gov/api/v2.1/events/EONET_3625,8,Wildfires,"[-96.19, 53.4506]",2018-06-28T00:00:00Z,Point,MBFIRE,http://www.gov.mb.ca/sd/fire/Fire-Statistic/2018/MBFIRE18.txt
63,EONET_3615,Emigrant Fire,,https://eonet.sci.gsfc.nasa.gov/api/v2.1/events/EONET_3615,8,Wildfires,"[-116.105, 40.677]",2018-06-27T15:49:00Z,Point,InciWeb,http://inciweb.nwcg.gov/incident/5871/
64,EONET_3623,Spring Fire,,https://eonet.sci.gsfc.nasa.gov/api/v2.1/events/EONET_3623,8,Wildfires,"[-105.291, 37.496]",2018-06-27T15:30:00Z,Point,InciWeb,http://inciweb.nwcg.gov/incident/5875/
65,EONET_3622,West Valley Fire,,https://eonet.sci.gsfc.nasa.gov/api/v2.1/events/EONET_3622,8,Wildfires,"[-113.423, 37.397]",2018-06-27T15:00:00Z,Point,InciWeb,http://inciweb.nwcg.gov/incident/5873/
66,EONET_3599,"Wildfire - E of Ukiah, California - United States",,https://eonet.sci.gsfc.nasa.gov/api/v2.1/events/EONET_3599,8,Wildfires,"[-122.580114759, 39.093743688]",2018-06-24T19:00:00Z,Point,PDC,http://emops.pdc.org/emops/?hazard_id=82454
67,EONET_3616,Sardinas Canyon Fire,,https://eonet.sci.gsfc.nasa.gov/api/v2.1/events/EONET_3616,8,Wildfires,"[-105.454, 36.197]",2018-06-24T14:09:00Z,Point,InciWeb,http://inciweb.nwcg.gov/incident/5868/
68,EONET_3600,"Creek Fire, California",,https://eonet.sci.gsfc.nasa.gov/api/v2.1/events/EONET_3600,8,Wildfires,"[-122.42308, 40.50318]",2018-06-24T12:29:00Z,Point,CALFIRE,http://www.fire.ca.gov/current_incidents/incidentdetails/Index/2082
69,EONET_3600,"Creek Fire, California",,https://eonet.sci.gsfc.nasa.gov/api/v2.1/events/EONET_3600,8,Wildfires,"[-122.42308, 40.50318]",2018-06-24T12:29:00Z,Point,InciWeb,http://inciweb.nwcg.gov/incident/5867/
70,EONET_3600,"Creek Fire, California",,https://eonet.sci.gsfc.nasa.gov/api/v2.1/events/EONET_3600,8,Wildfires,"[-122.42308, 40.50318]",2018-06-24T12:29:00Z,Point,PDC,http://emops.pdc.org/emops/?hazard_id=82453
71,EONET_3611,"Saddleworth Moor Fire, England",,https://eonet.sci.gsfc.nasa.gov/api/v2.1/events/EONET_3611,8,Wildfires,"[-1.978912353515625, 53.50805964216864]",2018-06-24T00:00:00Z,Point,CEMS,http://emergency.copernicus.eu/mapping/list-of-components/EMSR291
72,EONET_3611,"Saddleworth Moor Fire, England",,https://eonet.sci.gsfc.nasa.gov/api/v2.1/events/EONET_3611,8,Wildfires,"[-1.978912353515625, 53.50805964216864]",2018-06-24T00:00:00Z,Point,PDC,http://emops.pdc.org/emops/?hazard_id=82560
74,EONET_3628,"Wildfire MB-EA079, Manitoba, Canada",,https://eonet.sci.gsfc.nasa.gov/api/v2.1/events/EONET_3628,8,Wildfires,"[-96.5333, 52.6861]",2018-06-24T00:00:00Z,Point,MBFIRE,http://www.gov.mb.ca/sd/fire/Fire-Statistic/2018/MBFIRE18.txt
75,EONET_3596,"Pawnee Fire, California",,https://eonet.sci.gsfc.nasa.gov/api/v2.1/events/EONET_3596,8,Wildfires,"[-122.59848, 39.0674]",2018-06-23T17:21:00Z,Point,CALFIRE,http://www.fire.ca.gov/current_incidents/incidentdetails/Index/2080
76,EONET_3596,"Pawnee Fire, California",,https://eonet.sci.gsfc.nasa.gov/api/v2.1/events/EONET_3596,8,Wildfires,"[-122.59848, 39.0674]",2018-06-23T17:21:00Z,Point,EO,https://earthobservatory.nasa.gov/NaturalHazards/view.php?id=92343
77,EONET_3596,"Pawnee Fire, California",,https://eonet.sci.gsfc.nasa.gov/api/v2.1/events/EONET_3596,8,Wildfires,"[-122.59848, 39.0674]",2018-06-23T17:21:00Z,Point,InciWeb,http://inciweb.nwcg.gov/incident/5866/
78,EONET_3596,"Pawnee Fire, California",,https://eonet.sci.gsfc.nasa.gov/api/v2.1/events/EONET_3596,8,Wildfires,"[-122.59848, 39.0674]",2018-06-23T17:21:00Z,Point,PDC,http://emops.pdc.org/emops/?hazard_id=82454
79,EONET_3595,"Lane Fire, California",,https://eonet.sci.gsfc.nasa.gov/api/v2.1/events/EONET_3595,8,Wildfires,"[-121.77867, 40.35068]",2018-06-23T11:35:00Z,Point,CALFIRE,http://www.fire.ca.gov/current_incidents/incidentdetails/Index/2077
80,EONET_3595,"Lane Fire, California",,https://eonet.sci.gsfc.nasa.gov/api/v2.1/events/EONET_3595,8,Wildfires,"[-121.77867, 40.35068]",2018-06-23T11:35:00Z,Point,PDC,http://emops.pdc.org/emops/?hazard_id=82512
81,EONET_3604,"Wildfire MB-NE072, Manitoba, Canada",,https://eonet.sci.gsfc.nasa.gov/api/v2.1/events/EONET_3604,8,Wildfires,"[-100.7764, 56.6583]",2018-06-23T00:00:00Z,Point,MBFIRE,http://www.gov.mb.ca/sd/fire/Fire-Statistic/2018/MBFIRE18.txt
82,EONET_3593,Graham Fire,,https://eonet.sci.gsfc.nasa.gov/api/v2.1/events/EONET_3593,8,Wildfires,"[-121.426, 44.539]",2018-06-21T13:30:00Z,Point,InciWeb,http://inciweb.nwcg.gov/incident/5855/
83,EONET_3594,Boxcar Fire,,https://eonet.sci.gsfc.nasa.gov/api/v2.1/events/EONET_3594,8,Wildfires,"[-121.071, 45.16]",2018-06-21T07:45:00Z,Point,InciWeb,http://inciweb.nwcg.gov/incident/5862/
84,EONET_3594,Boxcar Fire,,https://eonet.sci.gsfc.nasa.gov/api/v2.1/events/EONET_3594,8,Wildfires,"[-121.071, 45.16]",2018-06-21T07:45:00Z,Point,PDC,http://emops.pdc.org/emops/?hazard_id=82388
85,EONET_3609,"Comstock Lake Fire, British Columbia, Canada",,https://eonet.sci.gsfc.nasa.gov/api/v2.1/events/EONET_3609,8,Wildfires,"[-124.0255203, 53.4449348]",2018-06-21T00:00:00Z,Point,BCWILDFIRE,http://bcfireinfo.for.gov.bc.ca/hprScripts/WildfireNews/OneFire.asp?ID=695
87,EONET_3610,"Yankee Fire, California",,https://eonet.sci.gsfc.nasa.gov/api/v2.1/events/EONET_3610,8,Wildfires,"[-120.75593, 35.73629]",2018-06-20T18:22:00Z,Point,CALFIRE,http://www.fire.ca.gov/current_incidents/incidentdetails/Index/2074
88,EONET_3597,Jack Knife Fire,,https://eonet.sci.gsfc.nasa.gov/api/v2.1/events/EONET_3597,8,Wildfires,"[-120.613, 45.272]",2018-06-20T15:00:00Z,Point,InciWeb,http://inciweb.nwcg.gov/incident/5864/
89,EONET_3607,Little Conchas Fire,,https://eonet.sci.gsfc.nasa.gov/api/v2.1/events/EONET_3607,8,Wildfires,"[-104.762, 35.279]",2018-06-20T11:00:00Z,Point,InciWeb,http://inciweb.nwcg.gov/incident/5869/
90,EONET_3592,"Kloch Lake Fire, British Columbia, Canada",,https://eonet.sci.gsfc.nasa.gov/api/v2.1/events/EONET_3592,8,Wildfires,"[-125.0085667, 55.0737333]",2018-06-20T00:00:00Z,Point,BCWILDFIRE,http://bcfireinfo.for.gov.bc.ca/hprScripts/WildfireNews/OneFire.asp?ID=692
93,EONET_3586,Upper Colony Fire,,https://eonet.sci.gsfc.nasa.gov/api/v2.1/events/EONET_3586,8,Wildfires,"[-119.403, 38.817]",2018-06-17T11:44:00Z,Point,InciWeb,http://inciweb.nwcg.gov/incident/5849/
95,EONET_3603,Crooked Creek Fire,,https://eonet.sci.gsfc.nasa.gov/api/v2.1/events/EONET_3603,8,Wildfires,"[-105.026, 32.508]",2018-06-15T11:15:00Z,Point,InciWeb,http://inciweb.nwcg.gov/incident/5848/
96,EONET_3587,"Wildfire MB-NE058, Manitoba, Canada",,https://eonet.sci.gsfc.nasa.gov/api/v2.1/events/EONET_3587,8,Wildfires,"[-93.7989, 54.7419]",2018-06-12T00:00:00Z,Point,MBFIRE,http://www.gov.mb.ca/sd/fire/Fire-Statistic/2018/MBFIRE18.txt
97,EONET_3573,Soap Lake Fire,,https://eonet.sci.gsfc.nasa.gov/api/v2.1/events/EONET_3573,8,Wildfires,"[-119.484, 47.396]",2018-06-11T16:30:00Z,Point,InciWeb,http://inciweb.nwcg.gov/incident/5843/
98,EONET_3606,Lions Fire,,https://eonet.sci.gsfc.nasa.gov/api/v2.1/events/EONET_3606,8,Wildfires,"[-119.118, 37.571]",2018-06-11T12:00:00Z,Point,InciWeb,http://inciweb.nwcg.gov/incident/5850/
99,EONET_3571,Badger Creek Fire,,https://eonet.sci.gsfc.nasa.gov/api/v2.1/events/EONET_3571,8,Wildfires,"[-106.216, 41.028]",2018-06-10T15:00:00Z,Point,InciWeb,http://inciweb.nwcg.gov/incident/5836/
100,EONET_3571,Badger Creek Fire,,https://eonet.sci.gsfc.nasa.gov/api/v2.1/events/EONET_3571,8,Wildfires,"[-106.216, 41.028]",2018-06-10T15:00:00Z,Point,PDC,http://emops.pdc.org/emops/?hazard_id=82057
103,EONET_3569,Burro Fire,,https://eonet.sci.gsfc.nasa.gov/api/v2.1/events/EONET_3569,8,Wildfires,"[-108.111, 37.513]",2018-06-08T15:45:00Z,Point,InciWeb,http://inciweb.nwcg.gov/incident/5834/
104,EONET_3577,"Wildfire MB-NE056, Manitoba, Canada",,https://eonet.sci.gsfc.nasa.gov/api/v2.1/events/EONET_3577,8,Wildfires,"[-92.4653, 55.0236]",2018-06-08T00:00:00Z,Point,MBFIRE,http://www.gov.mb.ca/sd/fire/Fire-Statistic/2018/MBFIRE18.txt
107,EONET_3568,Soldier Canyon Fire,,https://eonet.sci.gsfc.nasa.gov/api/v2.1/events/EONET_3568,8,Wildfires,"[-105.769, 33.171]",2018-06-07T15:00:00Z,Point,InciWeb,http://inciweb.nwcg.gov/incident/5833/
108,EONET_3574,Willow Creek Fire,,https://eonet.sci.gsfc.nasa.gov/api/v2.1/events/EONET_3574,8,Wildfires,"[-111.188, 40.307]",2018-06-06T18:15:00Z,Point,InciWeb,http://inciweb.nwcg.gov/incident/5837/
109,EONET_3576,Trail Mountain Fire,,https://eonet.sci.gsfc.nasa.gov/api/v2.1/events/EONET_3576,8,Wildfires,"[-111.216, 39.358]",2018-06-06T00:00:00Z,Point,InciWeb,http://inciweb.nwcg.gov/incident/5830/
112,EONET_3552,377 Fire,,https://eonet.sci.gsfc.nasa.gov/api/v2.1/events/EONET_3552,8,Wildfires,"[-110.371, 34.461]",2018-06-04T13:30:00Z,Point,InciWeb,http://inciweb.nwcg.gov/incident/5825/
113,EONET_3548,416 Fire,,https://eonet.sci.gsfc.nasa.gov/api/v2.1/events/EONET_3548,8,Wildfires,"[-107.808, 37.461]",2018-06-01T10:02:00Z,Point,EO,https://earthobservatory.nasa.gov/NaturalHazards/view.php?id=92284
114,EONET_3548,416 Fire,,https://eonet.sci.gsfc.nasa.gov/api/v2.1/events/EONET_3548,8,Wildfires,"[-107.808, 37.461]",2018-06-01T10:02:00Z,Point,InciWeb,http://inciweb.nwcg.gov/incident/5822/
115,EONET_3548,416 Fire,,https://eonet.sci.gsfc.nasa.gov/api/v2.1/events/EONET_3548,8,Wildfires,"[-107.808, 37.461]",2018-06-01T10:02:00Z,Point,PDC,http://emops.pdc.org/emops/?hazard_id=81717
3,EONET_3633,Tropical Storm Fabio,,https://eonet.sci.gsfc.nasa.gov/api/v2.1/events/EONET_3633,10,Severe Storms,"[-104.4, 11.2]",2018-06-30T18:00:00Z,Point,UNISYS,http://weather.unisys.com/file/24579/download?token=C0o-9itr
13,EONET_3617,Typhoon Prapiroon,,https://eonet.sci.gsfc.nasa.gov/api/v2.1/events/EONET_3617,10,Severe Storms,"[130.9, 19.7]",2018-06-28T18:00:00Z,Point,GDACS,http://www.gdacs.org/report.aspx?eventtype=TC&amp;eventid=1000464
14,EONET_3617,Typhoon Prapiroon,,https://eonet.sci.gsfc.nasa.gov/api/v2.1/events/EONET_3617,10,Severe Storms,"[130.9, 19.7]",2018-06-28T18:00:00Z,Point,UNISYS,http://weather.unisys.com/file/24575/download?token=zVJ8nh34
15,EONET_3617,Typhoon Prapiroon,,https://eonet.sci.gsfc.nasa.gov/api/v2.1/events/EONET_3617,10,Severe Storms,"[130.5, 19.6]",2018-06-29T00:00:00Z,Point,GDACS,http://www.gdacs.org/report.aspx?eventtype=TC&amp;eventid=1000464
16,EONET_3617,Typhoon Prapiroon,,https://eonet.sci.gsfc.nasa.gov/api/v2.1/events/EONET_3617,10,Severe Storms,"[130.5, 19.6]",2018-06-29T00:00:00Z,Point,UNISYS,http://weather.unisys.com/file/24575/download?token=zVJ8nh34
17,EONET_3617,Typhoon Prapiroon,,https://eonet.sci.gsfc.nasa.gov/api/v2.1/events/EONET_3617,10,Severe Storms,"[130.1, 19.7]",2018-06-29T06:00:00Z,Point,GDACS,http://www.gdacs.org/report.aspx?eventtype=TC&amp;eventid=1000464
18,EONET_3617,Typhoon Prapiroon,,https://eonet.sci.gsfc.nasa.gov/api/v2.1/events/EONET_3617,10,Severe Storms,"[130.1, 19.7]",2018-06-29T06:00:00Z,Point,UNISYS,http://weather.unisys.com/file/24575/download?token=zVJ8nh34
19,EONET_3617,Typhoon Prapiroon,,https://eonet.sci.gsfc.nasa.gov/api/v2.1/events/EONET_3617,10,Severe Storms,"[129.7, 20.0]",2018-06-29T12:00:00Z,Point,GDACS,http://www.gdacs.org/report.aspx?eventtype=TC&amp;eventid=1000464
20,EONET_3617,Typhoon Prapiroon,,https://eonet.sci.gsfc.nasa.gov/api/v2.1/events/EONET_3617,10,Severe Storms,"[129.7, 20.0]",2018-06-29T12:00:00Z,Point,UNISYS,http://weather.unisys.com/file/24575/download?token=zVJ8nh34
21,EONET_3617,Typhoon Prapiroon,,https://eonet.sci.gsfc.nasa.gov/api/v2.1/events/EONET_3617,10,Severe Storms,"[129.7, 20.2]",2018-06-29T18:00:00Z,Point,GDACS,http://www.gdacs.org/report.aspx?eventtype=TC&amp;eventid=1000464
22,EONET_3617,Typhoon Prapiroon,,https://eonet.sci.gsfc.nasa.gov/api/v2.1/events/EONET_3617,10,Severe Storms,"[129.7, 20.2]",2018-06-29T18:00:00Z,Point,UNISYS,http://weather.unisys.com/file/24575/download?token=zVJ8nh34
23,EONET_3617,Typhoon Prapiroon,,https://eonet.sci.gsfc.nasa.gov/api/v2.1/events/EONET_3617,10,Severe Storms,"[129.5, 20.9]",2018-06-30T00:00:00Z,Point,GDACS,http://www.gdacs.org/report.aspx?eventtype=TC&amp;eventid=1000464
24,EONET_3617,Typhoon Prapiroon,,https://eonet.sci.gsfc.nasa.gov/api/v2.1/events/EONET_3617,10,Severe Storms,"[129.5, 20.9]",2018-06-30T00:00:00Z,Point,UNISYS,http://weather.unisys.com/file/24575/download?token=zVJ8nh34
25,EONET_3617,Typhoon Prapiroon,,https://eonet.sci.gsfc.nasa.gov/api/v2.1/events/EONET_3617,10,Severe Storms,"[129.2, 21.2]",2018-06-30T06:00:00Z,Point,GDACS,http://www.gdacs.org/report.aspx?eventtype=TC&amp;eventid=1000464
26,EONET_3617,Typhoon Prapiroon,,https://eonet.sci.gsfc.nasa.gov/api/v2.1/events/EONET_3617,10,Severe Storms,"[129.2, 21.2]",2018-06-30T06:00:00Z,Point,UNISYS,http://weather.unisys.com/file/24575/download?token=zVJ8nh34
27,EONET_3617,Typhoon Prapiroon,,https://eonet.sci.gsfc.nasa.gov/api/v2.1/events/EONET_3617,10,Severe Storms,"[128.6, 22.0]",2018-06-30T12:00:00Z,Point,GDACS,http://www.gdacs.org/report.aspx?eventtype=TC&amp;eventid=1000464
28,EONET_3617,Typhoon Prapiroon,,https://eonet.sci.gsfc.nasa.gov/api/v2.1/events/EONET_3617,10,Severe Storms,"[128.6, 22.0]",2018-06-30T12:00:00Z,Point,UNISYS,http://weather.unisys.com/file/24575/download?token=zVJ8nh34
29,EONET_3617,Typhoon Prapiroon,,https://eonet.sci.gsfc.nasa.gov/api/v2.1/events/EONET_3617,10,Severe Storms,"[128.0, 22.9]",2018-06-30T18:00:00Z,Point,GDACS,http://www.gdacs.org/report.aspx?eventtype=TC&amp;eventid=1000464
30,EONET_3617,Typhoon Prapiroon,,https://eonet.sci.gsfc.nasa.gov/api/v2.1/events/EONET_3617,10,Severe Storms,"[128.0, 22.9]",2018-06-30T18:00:00Z,Point,UNISYS,http://weather.unisys.com/file/24575/download?token=zVJ8nh34
46,EONET_3613,Tropical Storm Emilia,,https://eonet.sci.gsfc.nasa.gov/api/v2.1/events/EONET_3613,10,Severe Storms,"[-108.5, 13.3]",2018-06-27T18:00:00Z,Point,UNISYS,http://weather.unisys.com/file/24571/download?token=9VNsk1gp
47,EONET_3613,Tropical Storm Emilia,,https://eonet.sci.gsfc.nasa.gov/api/v2.1/events/EONET_3613,10,Severe Storms,"[-109.6, 13.6]",2018-06-28T00:00:00Z,Point,UNISYS,http://weather.unisys.com/file/24571/download?token=9VNsk1gp
48,EONET_3613,Tropical Storm Emilia,,https://eonet.sci.gsfc.nasa.gov/api/v2.1/events/EONET_3613,10,Severe Storms,"[-111.3, 13.8]",2018-06-28T06:00:00Z,Point,UNISYS,http://weather.unisys.com/file/24571/download?token=9VNsk1gp
49,EONET_3613,Tropical Storm Emilia,,https://eonet.sci.gsfc.nasa.gov/api/v2.1/events/EONET_3613,10,Severe Storms,"[-112.4, 14.4]",2018-06-28T12:00:00Z,Point,UNISYS,http://weather.unisys.com/file/24571/download?token=9VNsk1gp
50,EONET_3613,Tropical Storm Emilia,,https://eonet.sci.gsfc.nasa.gov/api/v2.1/events/EONET_3613,10,Severe Storms,"[-113.6, 14.9]",2018-06-28T18:00:00Z,Point,UNISYS,http://weather.unisys.com/file/24571/download?token=9VNsk1gp
51,EONET_3613,Tropical Storm Emilia,,https://eonet.sci.gsfc.nasa.gov/api/v2.1/events/EONET_3613,10,Severe Storms,"[-114.5, 15.4]",2018-06-29T00:00:00Z,Point,UNISYS,http://weather.unisys.com/file/24571/download?token=9VNsk1gp
52,EONET_3613,Tropical Storm Emilia,,https://eonet.sci.gsfc.nasa.gov/api/v2.1/events/EONET_3613,10,Severe Storms,"[-115.3, 16.0]",2018-06-29T06:00:00Z,Point,UNISYS,http://weather.unisys.com/file/24571/download?token=9VNsk1gp
53,EONET_3613,Tropical Storm Emilia,,https://eonet.sci.gsfc.nasa.gov/api/v2.1/events/EONET_3613,10,Severe Storms,"[-116.3, 16.2]",2018-06-29T12:00:00Z,Point,UNISYS,http://weather.unisys.com/file/24571/download?token=9VNsk1gp
54,EONET_3613,Tropical Storm Emilia,,https://eonet.sci.gsfc.nasa.gov/api/v2.1/events/EONET_3613,10,Severe Storms,"[-116.9, 16.6]",2018-06-29T18:00:00Z,Point,UNISYS,http://weather.unisys.com/file/24571/download?token=9VNsk1gp
55,EONET_3613,Tropical Storm Emilia,,https://eonet.sci.gsfc.nasa.gov/api/v2.1/events/EONET_3613,10,Severe Storms,"[-117.8, 16.8]",2018-06-30T00:00:00Z,Point,UNISYS,http://weather.unisys.com/file/24571/download?token=9VNsk1gp
56,EONET_3613,Tropical Storm Emilia,,https://eonet.sci.gsfc.nasa.gov/api/v2.1/events/EONET_3613,10,Severe Storms,"[-118.6, 17.0]",2018-06-30T06:00:00Z,Point,UNISYS,http://weather.unisys.com/file/24571/download?token=9VNsk1gp
57,EONET_3613,Tropical Storm Emilia,,https://eonet.sci.gsfc.nasa.gov/api/v2.1/events/EONET_3613,10,Severe Storms,"[-119.2, 17.7]",2018-06-30T12:00:00Z,Point,UNISYS,http://weather.unisys.com/file/24571/download?token=9VNsk1gp
58,EONET_3613,Tropical Storm Emilia,,https://eonet.sci.gsfc.nasa.gov/api/v2.1/events/EONET_3613,10,Severe Storms,"[-120.0, 18.0]",2018-06-30T18:00:00Z,Point,UNISYS,http://weather.unisys.com/file/24571/download?token=9VNsk1gp
